[
    {"id": 1, "name": "Afghanistan", "code": "AF", "status": "1", "mobileCountryCode" : "+93" },
    {"id": 2, "name": "Albania", "code": "AL", "status": "1", "mobileCountryCode" : "+355" },
    {"id": 3, "name": "Algeria", "code": "DZ", "status": "1", "mobileCountryCode" : "+213" },
    {"id": 4, "name": "American Samoa", "code": "AS", "status": "1", "mobileCountryCode" : "+1" },
    {"id": 5, "name": "Andorra", "code": "AD", "status": "1", "mobileCountryCode" : "+376" },
    {"id": 6, "name": "Angola", "code": "AO", "status": "1", "mobileCountryCode" : "+244" },
    {"id": 7, "name": "Anguilla", "code": "AI", "status": "1", "mobileCountryCode" : "+1" },
    {"id": 8, "name": "Antarctica", "code": "AQ", "status": "1", "mobileCountryCode" : "+672" },
    {"id": 9, "name": "Antigua And Barbuda", "code": "AG", "status": "1", "mobileCountryCode" : "+1" },
    {"id": 10, "name": "Argentina", "code": "AR", "status": "1", "mobileCountryCode" : "+54" },
    {"id": 11, "name": "Armenia", "code": "AM", "status": "1", "mobileCountryCode" : "+374" },
    {"id": 12, "name": "Aruba", "code": "AW", "status": "1", "mobileCountryCode" : "+297" },
    {"id": 13, "name": "Australia", "code": "AU", "status": "1", "mobileCountryCode" : "+61" },
    {"id": 14, "name": "Austria", "code": "AT", "status": "1", "mobileCountryCode" : "+43" },
    {"id": 15, "name": "Azerbaijan", "code": "AZ", "status": "1", "mobileCountryCode" : "+994" },
    {"id": 16, "name": "Bahamas The", "code": "BS", "status": "1", "mobileCountryCode" : "+1" },
    {"id": 17, "name": "Bahrain", "code": "BH", "status": "1", "mobileCountryCode" : "+973" },
    {"id": 18, "name": "Bangladesh", "code": "BD", "status": "1", "mobileCountryCode" : "+880" },
    {"id": 19, "name": "Barbados", "code": "BB", "status": "1", "mobileCountryCode" : "+1" },
    {"id": 20, "name": "Belarus", "code": "BY", "status": "1", "mobileCountryCode" : "+375" },
    {"id": 21, "name": "Belgium", "code": "BE", "status": "1", "mobileCountryCode" : "+32" },
    {"id": 22, "name": "Belize", "code": "BZ", "status": "1", "mobileCountryCode" : "+501" },
    {"id": 23, "name": "Benin", "code": "BJ", "status": "1", "mobileCountryCode" : "+229" },
    {"id": 24, "name": "Bermuda", "code": "BM", "status": "1", "mobileCountryCode" : "+1" },
    {"id": 25, "name": "Bhutan", "code": "BT", "status": "1", "mobileCountryCode" : "+975" },
    {"id": 26, "name": "Bolivia", "code": "BO", "status": "1", "mobileCountryCode" : "+591" },    
    {"id": 27, "name": "Bosnia and Herzegovina", "code": "BA", "status": "1", "mobileCountryCode" : "+387" },
    {"id": 28, "name": "Botswana", "code": "BW", "status": "1", "mobileCountryCode" : "+267" },
    {"id": 29, "name": "Bouvet Island", "code": "BV", "status": "1", "mobileCountryCode" : "+1" },
    {"id": 30, "name": "Brazil", "code": "BR", "status": "1", "mobileCountryCode" : "+55" },
    {"id": 31, "name": "British Indian Ocean Territory", "code": "IO", "status": "1", "mobileCountryCode" : "+246" },
    {"id": 32, "name": "Brunei", "code": "BN", "status": "1", "mobileCountryCode" : "+673" },
    {"id": 33, "name": "Bulgaria", "code": "BG", "status": "1", "mobileCountryCode" : "+359" },
    {"id": 34, "name": "Burkina Faso", "code": "BF", "status": "1", "mobileCountryCode" : "+226" },
    {"id": 35, "name": "Burundi", "code": "BI", "status": "1", "mobileCountryCode" : "+257" },
    {"id": 36, "name": "Cambodia", "code": "KH", "status": "1", "mobileCountryCode" : "+855" },
    {"id": 37, "name": "Cameroon", "code": "CM", "status": "1", "mobileCountryCode" : "+237" },
    {"id": 38, "name": "Canada", "code": "CA", "status": "1", "mobileCountryCode" : "+1" },
    {"id": 39, "name": "Cape Verde", "code": "CV", "status": "1", "mobileCountryCode" : "+238" },
    {"id": 40, "name": "Cayman Islands", "code": "KY", "status": "1", "mobileCountryCode" : "+1" },
    {"id": 41, "name": "Central African Republic", "code": "CF", "status": "1", "mobileCountryCode" : "+236" },
    {"id": 42, "name": "Chad", "code": "TD", "status": "1", "mobileCountryCode" : "+235" },
    {"id": 43, "name": "Chile", "code": "CL", "status": "1", "mobileCountryCode" : "+56" },
    {"id": 44, "name": "China", "code": "CN", "status": "1", "mobileCountryCode" : "+86" },
    {"id": 45, "name": "Christmas Island", "code": "CX", "status": "1", "mobileCountryCode" : "+61" },
    {"id": 46, "name": "Cocos (Keeling) Islands", "code": "CC", "status": "1", "mobileCountryCode" : "+61" },
    {"id": 47, "name": "Colombia", "code": "CO", "status": "1", "mobileCountryCode" : "+57" },
    {"id": 48, "name": "Comoros", "code": "KM", "status": "1", "mobileCountryCode" : "+269" },
    {"id": 49, "name": "Congo", "code": "CG", "status": "1", "mobileCountryCode" : "+1" },
    {"id": 50, "name": "Congo The Democratic Republic Of The", "code": "CD", "status": "1", "mobileCountryCode" : "+243" },
    {"id": 51, "name": "Cook Islands", "code": "CK", "status": "1", "mobileCountryCode" : "+682" },
    {"id": 52, "name": "Costa Rica", "code": "CR", "status": "1", "mobileCountryCode" : "+506" },
    {"id": 53, "name": "Cote D'Ivoire (Ivory Coast)", "code": "CI", "status": "1", "mobileCountryCode" : "+1" },
    {"id": 54, "name": "Croatia (Hrvatska)", "code": "HR", "status": "1", "mobileCountryCode" : "+1" },
    {"id": 55, "name": "Cuba", "code": "CU", "status": "1", "mobileCountryCode" : "+1" },
    {"id": 56, "name": "Cyprus", "code": "CY", "status": "1", "mobileCountryCode" : "+357" },
    {"id": 57, "name": "Czech Republic", "code": "CZ", "status": "1", "mobileCountryCode" : "+420" },
    {"id": 58, "name": "Denmark", "code": "DK", "status": "1", "mobileCountryCode" : "+45" },
    {"id": 59, "name": "Djibouti", "code": "DJ", "status": "1", "mobileCountryCode" : "+253" },
    {"id": 60, "name": "Dominica", "code": "DM", "status": "1", "mobileCountryCode" : "+1" },
    {"id": 61, "name": "Dominican Republic", "code": "DO", "status": "1", "mobileCountryCode" : "+1" },
    {"id": 62, "name": "East Timor", "code": "TP", "status": "1", "mobileCountryCode" : "+1" },
    {"id": 63, "name": "Ecuador", "code": "EC", "status": "1", "mobileCountryCode" : "+593" },
    {"id": 64, "name": "Egypt", "code": "EG", "status": "1", "mobileCountryCode" : "+20" },
    {"id": 65, "name": "El Salvador", "code": "SV", "status": "1", "mobileCountryCode" : "+503" },
    {"id": 66, "name": "Equatorial Guinea", "code": "GQ", "status": "1", "mobileCountryCode" : "+240" },
    {"id": 67, "name": "Eritrea", "code": "ER", "status": "1", "mobileCountryCode" : "+291" },
    {"id": 68, "name": "Estonia", "code": "EE", "status": "1", "mobileCountryCode" : "+372" },
    {"id": 69, "name": "Ethiopia", "code": "ET", "status": "1", "mobileCountryCode" : "+251" },
    {"id": 70, "name": "External Territories of Australia", "code": "XA", "status": "1", "mobileCountryCode" : "+1" },
    {"id": 71, "name": "Falkland Islands", "code": "FK", "status": "1", "mobileCountryCode" : "+500" },
    {"id": 72, "name": "Faroe Islands", "code": "FO", "status": "1", "mobileCountryCode" : "+298" },
    {"id": 73, "name": "Fiji Islands", "code": "FJ", "status": "1", "mobileCountryCode" : "+679" },
    {"id": 74, "name": "Finland", "code": "FI", "status": "1", "mobileCountryCode" : "+358" },
    {"id": 75, "name": "France", "code": "FR", "status": "1", "mobileCountryCode" : "+33" },
    {"id": 76, "name": "French Guiana", "code": "GF", "status": "1", "mobileCountryCode" : "+1" },
    {"id": 77, "name": "French Polynesia", "code": "PF", "status": "1", "mobileCountryCode" : "+689" },
    {"id": 78, "name": "French Southern Territories", "code": "TF", "status": "1", "mobileCountryCode" : "+1" },
    {"id": 79, "name": "Gabon", "code": "GA", "status": "1", "mobileCountryCode" : "+241" },
    {"id": 80, "name": "Gambia The", "code": "GM", "status": "1", "mobileCountryCode" : "+220" },
    {"id": 81, "name": "Georgia", "code": "GE", "status": "1", "mobileCountryCode" : "+995" },
    {"id": 82, "name": "Germany", "code": "DE", "status": "1", "mobileCountryCode" : "+49" },
    {"id": 83, "name": "Ghana", "code": "GH", "status": "1", "mobileCountryCode" : "+233" },
    {"id": 84, "name": "Gibraltar", "code": "GI", "status": "1", "mobileCountryCode" : "+350" },
    {"id": 85, "name": "Greece", "code": "GR", "status": "1", "mobileCountryCode" : "+30" },
    {"id": 86, "name": "Greenland", "code": "GL", "status": "1", "mobileCountryCode" : "+299" },
    {"id": 87, "name": "Grenada", "code": "GD", "status": "1", "mobileCountryCode" : "+1" },
    {"id": 88, "name": "Guadeloupe", "code": "GP", "status": "1", "mobileCountryCode" : "+1" },
    {"id": 89, "name": "Guam", "code": "GU", "status": "1", "mobileCountryCode" : "+1" },
    {"id": 90, "name": "Guatemala", "code": "GT", "status": "1", "mobileCountryCode" : "+502" },
    {"id": 91, "name": "Guernsey and Alderney", "code": "XU", "status": "1", "mobileCountryCode" : "+1" },
    {"id": 92, "name": "Guinea", "code": "GN", "status": "1", "mobileCountryCode" : "+224" },
    {"id": 93, "name": "Guinea-Bissau", "code": "GW", "status": "1", "mobileCountryCode" : "+245" },
    {"id": 94, "name": "Guyana", "code": "GY", "status": "1", "mobileCountryCode" : "+592" },
    {"id": 95, "name": "Haiti", "code": "HT", "status": "1", "mobileCountryCode" : "+509" },
    {"id": 96, "name": "Heard and McDonald Islands", "code": "HM", "status": "1", "mobileCountryCode" : "+1" },
    {"id": 97, "name": "Honduras", "code": "HN", "status": "1", "mobileCountryCode" : "+504" },
    {"id": 98, "name": "Hong Kong S.A.R.", "code": "HK", "status": "1", "mobileCountryCode" : "+852" },
    {"id": 99, "name": "Hungary", "code": "HU", "status": "1", "mobileCountryCode" : "+36" },
    {"id": 100, "name": "Iceland", "code": "IS", "status": "1", "mobileCountryCode" : "+354" },
    {"id": 101, "name": "India", "code": "IN", "status": "1", "mobileCountryCode" : "+91" },
    {"id": 102, "name": "Indonesia", "code": "ID", "status": "1", "mobileCountryCode" : "+62" },
    {"id": 103, "name": "Iran", "code": "IR", "status": "1", "mobileCountryCode" : "+98" },
    {"id": 104, "name": "Iraq", "code": "IQ", "status": "1", "mobileCountryCode" : "+964" },
    {"id": 105, "name": "Ireland", "code": "IE", "status": "1", "mobileCountryCode" : "+353" },
    {"id": 106, "name": "Israel", "code": "IL", "status": "1", "mobileCountryCode" : "+972" },
    {"id": 107, "name": "Italy", "code": "IT", "status": "1", "mobileCountryCode" : "+39" },
    {"id": 108, "name": "Jamaica", "code": "JM", "status": "1", "mobileCountryCode" : "+1" },
    {"id": 109, "name": "Japan", "code": "JP", "status": "1", "mobileCountryCode" : "+81" },
    {"id": 110, "name": "Jersey", "code": "XJ", "status": "1", "mobileCountryCode" : "+1" },
    {"id": 111, "name": "Jordan", "code": "JO", "status": "1", "mobileCountryCode" : "+962" },
    {"id": 112, "name": "Kazakhstan", "code": "KZ", "status": "1", "mobileCountryCode" : "+7" },
    {"id": 113, "name": "Kenya", "code": "KE", "status": "1", "mobileCountryCode" : "+254" },
    {"id": 114, "name": "Kiribati", "code": "KI", "status": "1", "mobileCountryCode" : "+686" },
    {"id": 115, "name": "Korea North", "code": "KP", "status": "1", "mobileCountryCode" : "+1" },
    {"id": 116, "name": "Korea South", "code": "KR", "status": "1", "mobileCountryCode" : "+1" },
    {"id": 117, "name": "Kuwait", "code": "KW", "status": "1", "mobileCountryCode" : "+965" },
    {"id": 118, "name": "Kyrgyzstan", "code": "KG", "status": "1", "mobileCountryCode" : "+996" },
    {"id": 119, "name": "Laos", "code": "LA", "status": "1", "mobileCountryCode" : "+856" },
    {"id": 120, "name": "Latvia", "code": "LV", "status": "1", "mobileCountryCode" : "+371" },
    {"id": 121, "name": "Lebanon", "code": "LB", "status": "1", "mobileCountryCode" : "+961" },
    {"id": 122, "name": "Lesotho", "code": "LS", "status": "1", "mobileCountryCode" : "+266" },
    {"id": 123, "name": "Liberia", "code": "LR", "status": "1", "mobileCountryCode" : "+231" },
    {"id": 124, "name": "Libya", "code": "LY", "status": "1", "mobileCountryCode" : "+218" },
    {"id": 125, "name": "Liechtenstein", "code": "LI", "status": "1", "mobileCountryCode" : "+423" },
    {"id": 126, "name": "Lithuania", "code": "LT", "status": "1", "mobileCountryCode" : "+370" },
    {"id": 127, "name": "Luxembourg", "code": "LU", "status": "1", "mobileCountryCode" : "+352" },
    {"id": 128, "name": "Macau S.A.R.", "code": "MO", "status": "1", "mobileCountryCode" : "+853" },
    {"id": 129, "name": "Macedonia", "code": "MK", "status": "1", "mobileCountryCode" : "+389" },
    {"id": 130, "name": "Madagascar", "code": "MG", "status": "1", "mobileCountryCode" : "+61" },
    {"id": 131, "name": "Malawi", "code": "MW", "status": "1", "mobileCountryCode" : "+265" },
    {"id": 132, "name": "Malaysia", "code": "MY", "status": "1", "mobileCountryCode" : "+60" },
    {"id": 133, "name": "Maldives", "code": "MV", "status": "1", "mobileCountryCode" : "+960" },
    {"id": 134, "name": "Mali", "code": "ML", "status": "1", "mobileCountryCode" : "+223" },
    {"id": 135, "name": "Malta", "code": "MT", "status": "1", "mobileCountryCode" : "+356" },
    {"id": 136, "name": "Man (Isle of)", "code": "XM", "status": "1", "mobileCountryCode" : "+1" },
    {"id": 137, "name": "Marshall Islands", "code": "MH", "status": "1", "mobileCountryCode" : "+692" },
    {"id": 138, "name": "Martinique", "code": "MQ", "status": "1", "mobileCountryCode" : "+1" },
    {"id": 139, "name": "Mauritania", "code": "MR", "status": "1", "mobileCountryCode" : "+222" },
    {"id": 140, "name": "Mauritius", "code": "MU", "status": "1", "mobileCountryCode" : "+230" },
    {"id": 141, "name": "Mayotte", "code": "YT", "status": "1", "mobileCountryCode" : "+262" },
    {"id": 142, "name": "Mexico", "code": "MX", "status": "1", "mobileCountryCode" : "+52" },
    {"id": 143, "name": "Micronesia", "code": "FM", "status": "1", "mobileCountryCode" : "+691" },
    {"id": 144, "name": "Moldova", "code": "MD", "status": "1", "mobileCountryCode" : "+373" },
    {"id": 145, "name": "Monaco", "code": "MC", "status": "1", "mobileCountryCode" : "+377" },
    {"id": 146, "name": "Mongolia", "code": "MN", "status": "1", "mobileCountryCode" : "+976" },
    {"id": 147, "name": "Montserrat", "code": "MS", "status": "1", "mobileCountryCode" : "+1" },
    {"id": 148, "name": "Morocco", "code": "MA", "status": "1", "mobileCountryCode" : "+212" },
    {"id": 149, "name": "Mozambique", "code": "MZ", "status": "1", "mobileCountryCode" : "+258" },
    {"id": 150, "name": "Myanmar", "code": "MM", "status": "1", "mobileCountryCode" : "+95" },
    {"id": 151, "name": "Namibia", "code": "NA", "status": "1", "mobileCountryCode" : "+264" },
    {"id": 152, "name": "Nauru", "code": "NR", "status": "1", "mobileCountryCode" : "+674" },
    {"id": 153, "name": "Nepal", "code": "NP", "status": "1", "mobileCountryCode" : "+977" },
    {"id": 154, "name": "Netherlands Antilles", "code": "AN", "status": "1", "mobileCountryCode" : "+599" },
    {"id": 155, "name": "Netherlands The", "code": "NL", "status": "1", "mobileCountryCode" : "+31" },
    {"id": 156, "name": "New Caledonia", "code": "NC", "status": "1", "mobileCountryCode" : "+687" },
    {"id": 157, "name": "New Zealand", "code": "NZ", "status": "1", "mobileCountryCode" : "+64" },
    {"id": 158, "name": "Nicaragua", "code": "NI", "status": "1", "mobileCountryCode" : "+505" },
    {"id": 159, "name": "Niger", "code": "NE", "status": "1", "mobileCountryCode" : "+227" },
    {"id": 160, "name": "Nigeria", "code": "NG", "status": "1", "mobileCountryCode" : "+234" },
    {"id": 161, "name": "Niue", "code": "NU", "status": "1", "mobileCountryCode" : "+683" },
    {"id": 162, "name": "Norfolk Island", "code": "NF", "status": "1", "mobileCountryCode" : "+1" },
    {"id": 163, "name": "Northern Mariana Islands", "code": "MP", "status": "1", "mobileCountryCode" : "+1" },
    {"id": 164, "name": "Norway", "code": "NO", "status": "1", "mobileCountryCode" : "+47" },
    {"id": 165, "name": "Oman", "code": "OM", "status": "1", "mobileCountryCode" : "+968" },
    {"id": 166, "name": "Pakistan", "code": "PK", "status": "1", "mobileCountryCode" : "+92" },
    {"id": 167, "name": "Palau", "code": "PW", "status": "1", "mobileCountryCode" : "+680" },
    {"id": 168, "name": "Palestinian Territory Occupied", "code": "PS", "status": "1", "mobileCountryCode" : "+970" },
    {"id": 169, "name": "Panama", "code": "PA", "status": "1", "mobileCountryCode" : "+507" },
    {"id": 170, "name": "Papua new Guinea", "code": "PG", "status": "1", "mobileCountryCode" : "+675" },
    {"id": 171, "name": "Paraguay", "code": "PY", "status": "1", "mobileCountryCode" : "+595" },
    {"id": 172, "name": "Peru", "code": "PE", "status": "1", "mobileCountryCode" : "+51" },
    {"id": 173, "name": "Philippines", "code": "PH", "status": "1", "mobileCountryCode" : "+63" },
    {"id": 174, "name": "Pitcairn Island", "code": "PN", "status": "1", "mobileCountryCode" : "+64" },
    {"id": 175, "name": "Poland", "code": "PL", "status": "1", "mobileCountryCode" : "+48" },
    {"id": 176, "name": "Portugal", "code": "PT", "status": "1", "mobileCountryCode" : "+351" },
    {"id": 177, "name": "Puerto Rico", "code": "PR", "status": "1", "mobileCountryCode" : "+1" },
    {"id": 178, "name": "Qatar", "code": "QA", "status": "1", "mobileCountryCode" : "+974" },
    {"id": 179, "name": "Reunion", "code": "RE", "status": "1", "mobileCountryCode" : "+262" },
    {"id": 180, "name": "Romania", "code": "RO", "status": "1", "mobileCountryCode" : "+40" },
    {"id": 181, "name": "Russia", "code": "RU", "status": "1", "mobileCountryCode" : "+7" },
    {"id": 182, "name": "Rwanda", "code": "RW", "status": "1", "mobileCountryCode" : "+250" },
    {"id": 183, "name": "Saint Helena", "code": "SH", "status": "1", "mobileCountryCode" : "+290" },
    {"id": 184, "name": "Saint Kitts And Nevis", "code": "KN", "status": "1", "mobileCountryCode" : "+1" },
    {"id": 185, "name": "Saint Lucia", "code": "LC", "status": "1", "mobileCountryCode" : "+1" },
    {"id": 186, "name": "Saint Pierre and Miquelon", "code": "PM", "status": "1", "mobileCountryCode" : "+508" },
    {"id": 187, "name": "Saint Vincent And The Grenadines", "code": "VC", "status": "1", "mobileCountryCode" : "+1" },
    {"id": 188, "name": "Samoa", "code": "WS", "status": "1", "mobileCountryCode" : "+685" },
    {"id": 189, "name": "San Marino", "code": "SM", "status": "1", "mobileCountryCode" : "+378" },
    {"id": 190, "name": "Sao Tome and Principe", "code": "ST", "status": "1", "mobileCountryCode" : "+239" },
    {"id": 191, "name": "Saudi Arabia", "code": "SA", "status": "1", "mobileCountryCode" : "+966" },
    {"id": 192, "name": "Senegal", "code": "SN", "status": "1", "mobileCountryCode" : "+221" },
    {"id": 193, "name": "Serbia", "code": "RS", "status": "1", "mobileCountryCode" : "+381" },
    {"id": 194, "name": "Seychelles", "code": "SC", "status": "1", "mobileCountryCode" : "+248" },
    {"id": 195, "name": "Sierra Leone", "code": "SL", "status": "1", "mobileCountryCode" : "+232" },
    {"id": 196, "name": "Singapore", "code": "SG", "status": "1", "mobileCountryCode" : "+65" },
    {"id": 197, "name": "Slovakia", "code": "SK", "status": "1", "mobileCountryCode" : "+421" },
    {"id": 198, "name": "Slovenia", "code": "SI", "status": "1", "mobileCountryCode" : "+386" },
    {"id": 199, "name": "Smaller Territories of the UK", "code": "XG", "status": "1", "mobileCountryCode" : "+1" },
    {"id": 200, "name": "Solomon Islands", "code": "SB", "status": "1", "mobileCountryCode" : "+677" },
    {"id": 201, "name": "Somalia", "code": "SO", "status": "1", "mobileCountryCode" : "+252" },
    {"id": 202, "name": "South Africa", "code": "ZA", "status": "1", "mobileCountryCode" : "+27" },
    {"id": 203, "name": "South Georgia", "code": "GS", "status": "1", "mobileCountryCode" : "+" },
    {"id": 204, "name": "South Sudan", "code": "SS", "status": "1", "mobileCountryCode" : "+211" },
    {"id": 205, "name": "Spain", "code": "ES", "status": "1", "mobileCountryCode" : "+34" },
    {"id": 206, "name": "Sri Lanka", "code": "LK", "status": "1", "mobileCountryCode" : "+94" },
    {"id": 207, "name": "Sudan", "code": "SD", "status": "1", "mobileCountryCode" : "+249" },
    {"id": 208, "name": "Suriname", "code": "SR", "status": "1", "mobileCountryCode" : "+597" },
    {"id": 209, "name": "Svalbard And Jan Mayen Islands", "code": "SJ", "status": "1", "mobileCountryCode" : "+47" },
    {"id": 210, "name": "Swaziland", "code": "SZ", "status": "1", "mobileCountryCode" : "+268" },
    {"id": 211, "name": "Sweden", "code": "SE", "status": "1", "mobileCountryCode" : "+46" },
    {"id": 212, "name": "Switzerland", "code": "CH", "status": "1", "mobileCountryCode" : "+41" },
    {"id": 213, "name": "Syria", "code": "SY", "status": "1", "mobileCountryCode" : "+963" },
    {"id": 214, "name": "Taiwan", "code": "TW", "status": "1", "mobileCountryCode" : "+886" },
    {"id": 215, "name": "Tajikistan", "code": "TJ", "status": "1", "mobileCountryCode" : "+992" },
    {"id": 216, "name": "Tanzania", "code": "TZ", "status": "1", "mobileCountryCode" : "+255" },
    {"id": 217, "name": "Thailand", "code": "TH", "status": "1", "mobileCountryCode" : "+66" },
    {"id": 218, "name": "Togo", "code": "TG", "status": "1", "mobileCountryCode" : "+228" },
    {"id": 219, "name": "Tokelau", "code": "TK", "status": "1", "mobileCountryCode" : "+690" },
    {"id": 220, "name": "Tonga", "code": "TO", "status": "1", "mobileCountryCode" : "+676" },
    {"id": 221, "name": "Trinidad And Tobago", "code": "TT", "status": "1", "mobileCountryCode" : "+1" },
    {"id": 222, "name": "Tunisia", "code": "TN", "status": "1", "mobileCountryCode" : "+216" },
    {"id": 223, "name": "Turkey", "code": "TR", "status": "1", "mobileCountryCode" : "+90" },
    {"id": 224, "name": "Turkmenistan", "code": "TM", "status": "1", "mobileCountryCode" : "+993" },
    {"id": 225, "name": "Turks And Caicos Islands", "code": "TC", "status": "1", "mobileCountryCode" : "+1" },
    {"id": 226, "name": "Tuvalu", "code": "TV", "status": "1", "mobileCountryCode" : "+688" },
    {"id": 227, "name": "Uganda", "code": "UG", "status": "1", "mobileCountryCode" : "+256" },
    {"id": 228, "name": "Ukraine", "code": "UA", "status": "1", "mobileCountryCode" : "+380" },
    {"id": 229, "name": "United Arab Emirates", "code": "AE", "status": "1", "mobileCountryCode" : "+971" },
    {"id": 230, "name": "United Kingdom", "code": "GB", "status": "1", "mobileCountryCode" : "+44" },
    {"id": 231, "name": "United States", "code": "US", "status": "1", "mobileCountryCode" : "+1" },
    {"id": 232, "name": "United States Minor Outlying Islands", "code": "UM", "status": "1", "mobileCountryCode" : "+1" },
    {"id": 233, "name": "Uruguay", "code": "UY", "status": "1", "mobileCountryCode" : "+598" },
    {"id": 234, "name": "Uzbekistan", "code": "UZ", "status": "1", "mobileCountryCode" : "+998" },
    {"id": 235, "name": "Vanuatu", "code": "VU", "status": "1", "mobileCountryCode" : "+678" },
    {"id": 236, "name": "Vatican City State (Holy See)", "code": "VA", "status": "1", "mobileCountryCode" : "+379" },
    {"id": 237, "name": "Venezuela", "code": "VE", "status": "1", "mobileCountryCode" : "+58" },
    {"id": 238, "name": "Vietnam", "code": "VN", "status": "1", "mobileCountryCode" : "+84" },
    {"id": 239, "name": "Virgin Islands (British)", "code": "VG", "status": "1", "mobileCountryCode" : "+1" },
    {"id": 240, "name": "Virgin Islands (US)", "code": "VI", "status": "1", "mobileCountryCode" : "+1" },
    {"id": 241, "name": "Wallis And Futuna Islands", "code": "WF", "status": "1", "mobileCountryCode" : "+681" },
    {"id": 242, "name": "Western Sahara", "code": "EH", "status": "1", "mobileCountryCode" : "+212" },
    {"id": 243, "name": "Yemen", "code": "YE", "status": "1", "mobileCountryCode" : "+967" },
    {"id": 244, "name": "Yugoslavia", "code": "YU", "status": "1", "mobileCountryCode" : "+1" },
    {"id": 245, "name": "Zambia", "code": "ZM", "status": "1", "mobileCountryCode" : "+260" },
    {"id": 246, "name": "Zimbabwe", "code": "ZW", "status": "1", "mobileCountryCode" : "+263" }
]